0.00000000,0.00000000,0.00000000,0.00000000,0.00000000,0.00000000,0.00000000,0.00000000,0.00000000,0.00000000,0.00000000,0.00000000,0.00000000
0.01233766,0.00000000,0.00000000,0.00000000,0.00000000,0.00000000,0.00000000,0.00000000,-0.10000000,0.10000000,0.10000000,-0.10000000,0.00000000
0.02467532,0.00000000,0.00000000,0.00000000,0.00000000,0.00000000,0.00000000,0.00000000,-0.20000000,0.20000000,0.20000000,-0.20000000,0.00000000
0.03701299,0.00000000,0.00000000,0.00000000,0.00000000,0.00000000,0.00000000,0.00000000,-0.30000000,0.30000000,0.30000000,-0.30000000,0.00000000
0.04935065,0.00000000,0.00000000,0.00000000,0.00000000,0.00000000,0.00000000,0.00000000,-0.40000000,0.40000000,0.40000000,-0.40000000,0.00000000
0.06168831,0.00000000,0.00000000,0.00000000,0.00000000,0.00000000,0.00000000,0.00000000,-0.50000000,0.50000000,0.50000000,-0.50000000,0.00000000
0.07402597,0.00000000,0.00000000,0.00000000,0.00000000,0.00000000,0.00000000,0.00000000,-0.60000000,0.60000000,0.60000000,-0.60000000,0.00000000
0.08636364,0.00000000,0.00000000,0.00000000,0.00000000,0.00000000,0.00000000,0.00000000,-0.70000000,0.70000000,0.70000000,-0.70000000,0.00000000
0.09870130,0.00000000,0.00000000,0.00000000,0.00000000,0.00000000,0.00000000,0.00000000,-0.80000000,0.80000000,0.80000000,-0.80000000,0.00000000
0.11103896,0.00000000,0.00000000,0.00000000,0.00000000,0.00000000,0.00000000,0.00000000,-0.90000000,0.90000000,0.90000000,-0.90000000,0.00000000
0.12337662,0.00000000,0.00000000,0.00000000,0.00000000,0.00000000,0.00000000,0.00000000,-1.00000000,1.00000000,1.00000000,-1.00000000,0.00000000
0.13571429,0.00000000,0.00000000,0.00000000,0.00000000,0.00000000,0.00000000,0.00000000,-1.10000000,1.10000000,1.10000000,-1.10000000,0.00000000
0.14805195,0.00000000,0.00000000,0.00000000,0.00000000,0.00000000,0.00000000,0.00000000,-1.20000000,1.20000000,1.20000000,-1.20000000,0.00000000
0.16038961,0.00000000,0.00000000,0.00000000,0.00000000,0.00000000,0.00000000,0.00000000,-1.30000000,1.30000000,1.30000000,-1.30000000,0.00000000
0.17272727,0.00000000,0.00000000,0.00000000,0.00000000,0.00000000,0.00000000,0.00000000,-1.40000000,1.40000000,1.40000000,-1.40000000,0.00000000
0.18506494,0.00000000,0.00000000,0.00000000,0.00000000,0.00000000,0.00000000,0.00000000,-1.50000000,1.50000000,1.50000000,-1.50000000,0.00000000
0.19740260,0.00000000,0.00000000,0.00000000,0.00000000,0.00000000,0.00000000,0.00000000,-1.60000000,1.60000000,1.60000000,-1.60000000,0.00000000
0.20974026,0.00000000,0.00000000,0.00000000,0.00000000,0.00000000,0.00000000,0.00000000,-1.70000000,1.70000000,1.70000000,-1.70000000,0.00000000
0.22207792,0.00000000,0.00000000,0.00000000,0.00000000,0.00000000,0.00000000,0.00000000,-1.80000000,1.80000000,1.80000000,-1.80000000,0.00000000
0.23441558,0.00000000,0.00000000,0.00000000,0.00000000,0.00000000,0.00000000,0.00000000,-1.90000000,1.90000000,1.90000000,-1.90000000,0.00000000
0.24675325,0.00000000,0.00000000,0.00000000,0.00000000,0.00000000,0.00000000,0.00000000,-2.00000000,2.00000000,2.00000000,-2.00000000,0.00000000
0.25909091,0.00000000,0.00000000,0.00000000,0.00000000,0.00000000,0.00000000,0.00000000,-2.10000000,2.10000000,2.10000000,-2.10000000,0.00000000
0.27142857,0.00000000,0.00000000,0.00000000,0.00000000,0.00000000,0.00000000,0.00000000,-2.20000000,2.20000000,2.20000000,-2.20000000,0.00000000
0.28376623,0.00000000,0.00000000,0.00000000,0.00000000,0.00000000,0.00000000,0.00000000,-2.30000000,2.30000000,2.30000000,-2.30000000,0.00000000
0.29610390,0.00000000,0.00000000,0.00000000,0.00000000,0.00000000,0.00000000,0.00000000,-2.40000000,2.40000000,2.40000000,-2.40000000,0.00000000
0.30844156,0.00000000,0.00000000,0.00000000,0.00000000,0.00000000,0.00000000,0.00000000,-2.50000000,2.50000000,2.50000000,-2.50000000,0.00000000
0.32077922,0.00000000,0.00000000,0.00000000,0.00000000,0.00000000,0.00000000,0.00000000,-2.60000000,2.60000000,2.60000000,-2.60000000,0.00000000
0.33311688,0.00000000,0.00000000,0.00000000,0.00000000,0.00000000,0.00000000,0.00000000,-2.70000000,2.70000000,2.70000000,-2.70000000,0.00000000
0.34545455,0.00000000,0.00000000,0.00000000,0.00000000,0.00000000,0.00000000,0.00000000,-2.80000000,2.80000000,2.80000000,-2.80000000,0.00000000
0.35779221,0.00000000,0.00000000,0.00000000,0.00000000,0.00000000,0.00000000,0.00000000,-2.90000000,2.90000000,2.90000000,-2.90000000,0.00000000
0.37012987,0.00000000,0.00000000,0.00000000,0.00000000,0.00000000,0.00000000,0.00000000,-3.00000000,3.00000000,3.00000000,-3.00000000,0.00000000
0.38246753,0.00000000,0.00000000,0.00000000,0.00000000,0.00000000,0.00000000,0.00000000,-3.10000000,3.10000000,3.10000000,-3.10000000,0.00000000
0.39480519,0.00000000,0.00000000,0.00000000,0.00000000,0.00000000,0.00000000,0.00000000,-3.20000000,3.20000000,3.20000000,-3.20000000,0.00000000
0.40714286,0.00000000,0.00000000,0.00000000,0.00000000,0.00000000,0.00000000,0.00000000,-3.30000000,3.30000000,3.30000000,-3.30000000,0.00000000
0.41948052,0.00000000,0.00000000,0.00000000,0.00000000,0.00000000,0.00000000,0.00000000,-3.40000000,3.40000000,3.40000000,-3.40000000,0.00000000
0.43181818,0.00000000,0.00000000,0.00000000,0.00000000,0.00000000,0.00000000,0.00000000,-3.50000000,3.50000000,3.50000000,-3.50000000,0.00000000
0.44415584,0.00000000,0.00000000,0.00000000,0.00000000,0.00000000,0.00000000,0.00000000,-3.60000000,3.60000000,3.60000000,-3.60000000,0.00000000
0.45649351,0.00000000,0.00000000,0.00000000,0.00000000,0.00000000,0.00000000,0.00000000,-3.70000000,3.70000000,3.70000000,-3.70000000,0.00000000
0.46883117,0.00000000,0.00000000,0.00000000,0.00000000,0.00000000,0.00000000,0.00000000,-3.80000000,3.80000000,3.80000000,-3.80000000,0.00000000
0.48116883,0.00000000,0.00000000,0.00000000,0.00000000,0.00000000,0.00000000,0.00000000,-3.90000000,3.90000000,3.90000000,-3.90000000,0.00000000
0.49350649,0.00000000,0.00000000,0.00000000,0.00000000,0.00000000,0.00000000,0.00000000,-4.00000000,4.00000000,4.00000000,-4.00000000,0.00000000
0.50584416,0.00000000,0.00000000,0.00000000,0.00000000,0.00000000,0.00000000,0.00000000,-4.10000000,4.10000000,4.10000000,-4.10000000,0.00000000
0.51818182,0.00000000,0.00000000,0.00000000,0.00000000,0.00000000,0.00000000,0.00000000,-4.20000000,4.20000000,4.20000000,-4.20000000,0.00000000
0.53051948,0.00000000,0.00000000,0.00000000,0.00000000,0.00000000,0.00000000,0.00000000,-4.30000000,4.30000000,4.30000000,-4.30000000,0.00000000
0.54285714,0.00000000,0.00000000,0.00000000,0.00000000,0.00000000,0.00000000,0.00000000,-4.40000000,4.40000000,4.40000000,-4.40000000,0.00000000
0.55519481,0.00000000,0.00000000,0.00000000,0.00000000,0.00000000,0.00000000,0.00000000,-4.50000000,4.50000000,4.50000000,-4.50000000,0.00000000
0.56753247,0.00000000,0.00000000,0.00000000,0.00000000,0.00000000,0.00000000,0.00000000,-4.60000000,4.60000000,4.60000000,-4.60000000,0.00000000
0.57987013,0.00000000,0.00000000,0.00000000,0.00000000,0.00000000,0.00000000,0.00000000,-4.70000000,4.70000000,4.70000000,-4.70000000,0.00000000
0.59220779,0.00000000,0.00000000,0.00000000,0.00000000,0.00000000,0.00000000,0.00000000,-4.80000000,4.80000000,4.80000000,-4.80000000,0.00000000
0.60454545,0.00000000,0.00000000,0.00000000,0.00000000,0.00000000,0.00000000,0.00000000,-4.90000000,4.90000000,4.90000000,-4.90000000,0.00000000
0.61688312,0.00000000,0.00000000,0.00000000,0.00000000,0.00000000,0.00000000,0.00000000,-5.00000000,5.00000000,5.00000000,-5.00000000,0.00000000
0.62922078,0.00000000,0.00000000,0.00000000,0.00000000,0.00000000,0.00000000,0.00000000,-5.10000000,5.10000000,5.10000000,-5.10000000,0.00000000
0.64155844,0.00000000,0.00000000,0.00000000,0.00000000,0.00000000,0.00000000,0.00000000,-5.20000000,5.20000000,5.20000000,-5.20000000,0.00000000
0.65389610,0.00000000,0.00000000,0.00000000,0.00000000,0.00000000,0.00000000,0.00000000,-5.30000000,5.30000000,5.30000000,-5.30000000,0.00000000
0.66623377,0.00000000,0.00000000,0.00000000,0.00000000,0.00000000,0.00000000,0.00000000,-5.40000000,5.40000000,5.40000000,-5.40000000,0.00000000
0.67857143,0.00000000,0.00000000,0.00000000,0.00000000,0.00000000,0.00000000,0.00000000,-5.50000000,5.50000000,5.50000000,-5.50000000,0.00000000
0.69090909,0.00000000,0.00000000,0.00000000,0.00000000,0.00000000,0.00000000,0.00000000,-5.60000000,5.60000000,5.60000000,-5.60000000,0.00000000
0.70324675,0.00000000,0.00000000,0.00000000,0.00000000,0.00000000,0.00000000,0.00000000,-5.70000000,5.70000000,5.70000000,-5.70000000,0.00000000
0.71558442,0.00000000,0.00000000,0.00000000,0.00000000,0.00000000,0.00000000,0.00000000,-5.80000000,5.80000000,5.80000000,-5.80000000,0.00000000
0.72792208,0.00000000,0.00000000,0.00000000,0.00000000,0.00000000,0.00000000,0.00000000,-5.90000000,5.90000000,5.90000000,-5.90000000,0.00000000
0.74025974,0.00000000,0.00000000,0.00000000,0.00000000,0.00000000,0.00000000,0.00000000,-6.00000000,6.00000000,6.00000000,-6.00000000,0.00000000
0.75259740,0.00000000,0.00000000,0.00000000,0.00000000,0.00000000,0.00000000,0.00000000,-6.10000000,6.10000000,6.10000000,-6.10000000,0.00000000
0.76493506,0.00000000,0.00000000,0.00000000,0.00000000,0.00000000,0.00000000,0.00000000,-6.20000000,6.20000000,6.20000000,-6.20000000,0.00000000
0.77727273,0.00000000,0.00000000,0.00000000,0.00000000,0.00000000,0.00000000,0.00000000,-6.30000000,6.30000000,6.30000000,-6.30000000,0.00000000
0.78961039,0.00000000,0.00000000,0.00000000,0.00000000,0.00000000,0.00000000,0.00000000,-6.40000000,6.40000000,6.40000000,-6.40000000,0.00000000
0.80194805,0.00000000,0.00000000,0.00000000,0.00000000,0.00000000,0.00000000,0.00000000,-6.50000000,6.50000000,6.50000000,-6.50000000,0.00000000
0.81428571,0.00000000,0.00000000,0.00000000,0.00000000,0.00000000,0.00000000,0.00000000,-6.60000000,6.60000000,6.60000000,-6.60000000,0.00000000
0.82662338,0.00000000,0.00000000,0.00000000,0.00000000,0.00000000,0.00000000,0.00000000,-6.70000000,6.70000000,6.70000000,-6.70000000,0.00000000
0.83896104,0.00000000,0.00000000,0.00000000,0.00000000,0.00000000,0.00000000,0.00000000,-6.80000000,6.80000000,6.80000000,-6.80000000,0.00000000
0.85129870,0.00000000,0.00000000,0.00000000,0.00000000,0.00000000,0.00000000,0.00000000,-6.90000000,6.90000000,6.90000000,-6.90000000,0.00000000
0.86363636,0.00000000,0.00000000,0.00000000,0.00000000,0.00000000,0.00000000,0.00000000,-7.00000000,7.00000000,7.00000000,-7.00000000,0.00000000
0.87597403,0.00000000,0.00000000,0.00000000,0.00000000,0.00000000,0.00000000,0.00000000,-7.10000000,7.10000000,7.10000000,-7.10000000,0.00000000
0.88831169,0.00000000,0.00000000,0.00000000,0.00000000,0.00000000,0.00000000,0.00000000,-7.20000000,7.20000000,7.20000000,-7.20000000,0.00000000
0.90064935,0.00000000,0.00000000,0.00000000,0.00000000,0.00000000,0.00000000,0.00000000,-7.30000000,7.30000000,7.30000000,-7.30000000,0.00000000
0.91298701,0.00000000,0.00000000,0.00000000,0.00000000,0.00000000,0.00000000,0.00000000,-7.40000000,7.40000000,7.40000000,-7.40000000,0.00000000
0.92532468,0.00000000,0.00000000,0.00000000,0.00000000,0.00000000,0.00000000,0.00000000,-7.50000000,7.50000000,7.50000000,-7.50000000,0.00000000
0.93766234,0.00000000,0.00000000,0.00000000,0.00000000,0.00000000,0.00000000,0.00000000,-7.60000000,7.60000000,7.60000000,-7.60000000,0.00000000
0.95000000,0.00000000,0.00000000,0.00000000,0.00000000,0.00000000,0.00000000,0.00000000,-7.70000000,7.70000000,7.70000000,-7.70000000,0.00000000
0.96233766,0.00000000,0.00000000,0.00000000,0.00000000,0.00000000,0.00000000,0.00000000,-7.80000000,7.80000000,7.80000000,-7.80000000,0.00000000
0.97467532,0.00000000,0.00000000,0.00000000,0.00000000,0.00000000,0.00000000,0.00000000,-7.90000000,7.90000000,7.90000000,-7.90000000,0.00000000
0.98701299,0.00000000,0.00000000,0.00000000,0.00000000,0.00000000,0.00000000,0.00000000,-8.00000000,8.00000000,8.00000000,-8.00000000,0.00000000
0.99935065,0.00000000,0.00000000,0.00000000,0.00000000,0.00000000,0.00000000,0.00000000,-8.10000000,8.10000000,8.10000000,-8.10000000,0.00000000
1.01168831,0.00000000,0.00000000,0.00000000,0.00000000,0.00000000,0.00000000,0.00000000,-8.20000000,8.20000000,8.20000000,-8.20000000,0.00000000
1.02402597,0.00000000,0.00000000,0.00000000,0.00000000,0.00000000,0.00000000,0.00000000,-8.30000000,8.30000000,8.30000000,-8.30000000,0.00000000
1.03636364,0.00000000,0.00000000,0.00000000,0.00000000,0.00000000,0.00000000,0.00000000,-8.40000000,8.40000000,8.40000000,-8.40000000,0.00000000
1.04870130,0.00000000,0.00000000,0.00000000,0.00000000,0.00000000,0.00000000,0.00000000,-8.50000000,8.50000000,8.50000000,-8.50000000,0.00000000
1.06103896,0.00000000,0.00000000,0.00000000,0.00000000,0.00000000,0.00000000,0.00000000,-8.60000000,8.60000000,8.60000000,-8.60000000,0.00000000
1.07337662,0.00000000,0.00000000,0.00000000,0.00000000,0.00000000,0.00000000,0.00000000,-8.70000000,8.70000000,8.70000000,-8.70000000,0.00000000
1.08571429,0.00000000,0.00000000,0.00000000,0.00000000,0.00000000,0.00000000,0.00000000,-8.80000000,8.80000000,8.80000000,-8.80000000,0.00000000
1.09805195,0.00000000,0.00000000,0.00000000,0.00000000,0.00000000,0.00000000,0.00000000,-8.90000000,8.90000000,8.90000000,-8.90000000,0.00000000
1.11038961,0.00000000,0.00000000,0.00000000,0.00000000,0.00000000,0.00000000,0.00000000,-9.00000000,9.00000000,9.00000000,-9.00000000,0.00000000
1.12272727,0.00000000,0.00000000,0.00000000,0.00000000,0.00000000,0.00000000,0.00000000,-9.10000000,9.10000000,9.10000000,-9.10000000,0.00000000
1.13506494,0.00000000,0.00000000,0.00000000,0.00000000,0.00000000,0.00000000,0.00000000,-9.20000000,9.20000000,9.20000000,-9.20000000,0.00000000
1.14740260,0.00000000,0.00000000,0.00000000,0.00000000,0.00000000,0.00000000,0.00000000,-9.30000000,9.30000000,9.30000000,-9.30000000,0.00000000
1.15974026,0.00000000,0.00000000,0.00000000,0.00000000,0.00000000,0.00000000,0.00000000,-9.40000000,9.40000000,9.40000000,-9.40000000,0.00000000
1.17207792,0.00000000,0.00000000,0.00000000,0.00000000,0.00000000,0.00000000,0.00000000,-9.50000000,9.50000000,9.50000000,-9.50000000,0.00000000
1.18441558,0.00000000,0.00000000,0.00000000,0.00000000,0.00000000,0.00000000,0.00000000,-9.60000000,9.60000000,9.60000000,-9.60000000,0.00000000
1.19675325,0.00000000,0.00000000,0.00000000,0.00000000,0.00000000,0.00000000,0.00000000,-9.70000000,9.70000000,9.70000000,-9.70000000,0.00000000
1.20909091,0.00000000,0.00000000,0.00000000,0.00000000,0.00000000,0.00000000,0.00000000,-9.80000000,9.80000000,9.80000000,-9.80000000,0.00000000
1.22142857,0.00000000,0.00000000,0.00000000,0.00000000,0.00000000,0.00000000,0.00000000,-9.90000000,9.90000000,9.90000000,-9.90000000,0.00000000
1.23376623,0.00000000,0.00000000,0.00000000,0.00000000,0.00000000,0.00000000,0.00000000,-10.00000000,10.00000000,10.00000000,-10.00000000,0.00000000
